year,gridNumber,tMin,tMax,tAvg,prec,dday30C,dday32C,dday34C,tempB0,temp0to4,temp4to8,temp8to12,temp12to16,temp16to20,temp20to24,temp24to28,temp28to32,tempA32,tempPropB0,tempProp0to4,tempProp4to8,tempProp8to12,tempProp12to16,tempProp16to20,tempProp20to24,tempProp24to28,tempProp28to32,tempPropA32,splineC1,splineC2,splineC3,splineC4,pieceB28,piece28to32,pieceA32
1950 years,587401.6,11.960367,24.69271,18.326534,3.5156827,62.59845498948611,18.688690594026582,2.918153083680834,2.235294117647059,12.235294117647058,32.976470588235294,36.78823529411765,40.94117647058823,55.294117647058826,68.48235294117647,106.05882352941177,9.988235294117647,0.0,10.122887211417796,18.57129833979325,26.907196590074978,30.94276824579672,41.64269840131759,61.29801744759809,74.0666480357315,50.990332002760354,36.842410339352334,13.615743386157366,6689.1846,3193.0645,918.8042,132.21988,6683.638,5.548993,0.0
1951 years,587401.6,11.941725,25.591719,18.76672,3.2942016,145.42295590871078,68.48999253903784,21.876476575663744,4.0,12.0,30.176470588235293,41.917647058823526,38.63529411764706,57.470588235294116,57.61176470588235,64.87058823529412,58.31764705882353,0.0,12.072236060727766,17.595068267146647,26.306687682245514,34.11422524713081,40.72574145777405,53.71801753418193,66.71777502904116,49.64680127274538,33.193624406582856,30.90982304242392,6849.853,3583.0103,1109.134,191.33395,6789.253,60.60162,0.0
1952 years,587401.6,11.627082,25.13463,18.380857,3.241435,138.43921032070332,69.96435055358437,27.09549140159509,0.10588235294117647,6.364705882352941,31.929411764705883,54.83529411764706,53.54117647058823,55.76470588235294,53.78823529411765,55.05882352941177,54.61176470588235,0.0,6.289131957418249,16.185498705340404,30.367850504531553,46.77694263120152,49.81015778542847,49.11841389833553,61.38935173225261,46.52803973495907,32.15451718805168,27.380095862480903,6727.3936,3346.1506,1022.9802,178.52988,6656.5933,70.79977,0.0
1953 years,587401.6,11.982409,25.12718,18.554789,4.0832796,108.32052825095818,43.74722756604371,10.24316794468755,1.5058823529411764,5.176470588235294,29.258823529411764,54.2,53.22352941176471,46.752941176470586,58.22352941176471,77.8,38.858823529411765,0.0,5.332950814471615,18.718083417363292,27.817857908860514,40.83493633977194,48.52849007553731,50.87371819604327,65.28154224750952,46.28257861620092,37.46352368547563,23.866318698765973,6772.4976,3361.4177,1014.8773,168.3086,6740.34,32.158688,0.0
1954 years,587401.6,11.52177,25.89847,18.710117,2.225733,193.17202253653767,102.51951997434819,41.444921900990686,0.047058823529411764,8.51764705882353,42.23529411764706,44.529411764705884,52.45882352941177,43.49411764705882,46.72941176470588,58.423529411764704,68.12941176470588,0.43529411764705883,8.656985414054443,21.998932804730565,30.38623583335178,36.427973921998046,44.82096451589884,48.559187233245446,60.11160524827783,44.208748866708866,31.945621592324226,37.88374456940993,6829.1934,3641.2869,1161.1613,214.1142,6741.6323,87.41504,0.14590324
1955 years,587401.6,11.596688,24.818281,18.207481,3.4391167,70.05005702943771,18.748329365892854,1.6586232468547648,3.6823529411764704,13.51764705882353,34.588235294117645,45.23529411764706,38.78823529411765,40.98823529411764,64.71764705882353,112.67058823529412,10.811764705882354,0.0,12.539890074561944,18.941236892596198,29.364426662082433,35.57463819639336,40.24645806369892,52.467640659333256,65.53085166710478,52.23339245724054,41.692097034925986,16.409368292062567,6645.7344,3275.8716,970.26105,147.24637,6639.089,6.6420937,0.0
1956 years,587401.6,11.561768,24.917791,18.239779,3.6452289,94.37727721065279,36.875365984893634,8.22977097162774,0.0,9.670588235294117,38.50588235294118,37.78823529411765,47.21176470588235,68.61176470588235,57.6,80.67058823529412,25.941176470588236,0.0,9.01979232587598,17.78659537300178,26.425021581410846,36.73883980147757,48.896738933355536,60.91989434273017,67.76114745716212,44.84527854969997,32.55007951434415,21.05661212094192,6675.7603,3183.2405,929.3349,143.85309,6657.657,18.101866,0.0
1957 years,587401.6,12.45759,24.475704,18.466642,3.9985735,80.29198872814072,27.772842144259556,5.9319831006990755,3.0470588235294116,4.094117647058823,25.03529411764706,52.88235294117647,55.858823529411765,52.811764705882354,50.07058823529412,101.4235294117647,19.776470588235295,0.0,6.94030705644727,13.704801660527506,24.897180261123555,40.90874734951494,50.37591824832408,58.61744715701245,69.99867507467474,45.25467746666555,37.23749020652766,17.06475551918226,6740.327,3256.6953,960.42755,151.7795,6723.8213,16.505848,0.0
1958 years,587401.6,10.988944,23.308714,17.148827,3.4974296,62.20167173923841,16.048108749777303,0.9776200989631018,9.24705882352941,22.529411764705884,35.32941176470588,41.71764705882353,51.77647058823529,35.35294117647059,52.76470588235294,103.14117647058823,13.141176470588235,0.0,18.880524158101224,22.8555962398058,31.428716285133568,38.456821191105945,43.657668813792135,48.14645208611854,59.76742792554276,48.87460700733528,38.40471156210856,14.527474730956165,6259.3223,3058.3362,908.6708,142.40727,6252.449,6.8730836,0.0
1959 years,587401.6,11.8155155,24.231424,18.023466,3.521168,83.15892344682646,26.327345288325155,4.151818393332044,3.164705882352941,13.611764705882353,31.03529411764706,48.76470588235294,57.09411764705882,38.21176470588235,48.705882352941174,106.21176470588236,18.2,0.0,11.642117061539297,16.671305859623384,30.66690512852999,39.71909277373286,43.60073661028155,54.14698031304875,66.31591092909399,45.55508476842004,37.56243327444962,19.11943328128056,6578.567,3233.147,968.28076,155.30615,6567.57,10.995048,0.0
1960 years,587401.6,11.101278,23.49798,17.299633,3.2627442,74.60144651096185,22.15176296775649,2.9184339776556527,8.094117647058823,17.623529411764707,39.71764705882353,46.37647058823529,48.10588235294118,38.76470588235294,52.858823529411765,93.95294117647059,20.50588235294118,0.0,15.44493632145889,22.853144833347606,36.16366489869987,39.857603357921505,39.932316195952936,47.4578696318342,63.120001087685054,45.76257316832263,38.236663499329715,17.17122700544764,6331.664,3120.9739,938.3623,150.9133,6317.4463,14.216741,0.0
1961 years,587401.6,11.003319,23.737482,17.370396,5.0951967,42.18552834026344,7.822966163058508,0.03380605083091307,4.7176470588235295,17.023529411764706,29.741176470588236,39.78823529411765,58.27058823529412,60.54117647058823,61.96470588235294,91.09411764705882,1.8588235294117648,0.0,12.599839804422281,19.206436513565645,30.038620534633022,39.73507669707484,45.42120301412335,59.321208405261594,69.89215637738553,44.804239320349666,34.272486455247616,9.708732877936473,6340.195,2840.793,789.70294,109.89271,6339.837,0.35817915,0.0
1962 years,587401.6,11.543832,24.881138,18.212479,3.490131,122.82678604732165,49.14324082858386,10.804030483805185,6.894117647058824,11.341176470588236,26.741176470588236,54.98823529411764,48.92941176470588,38.576470588235296,44.76470588235294,100.21176470588236,32.55294117647059,0.0,12.95965687690364,18.38995929297507,31.92669712617123,35.458192513348315,43.73406402365641,50.45056845702484,61.78342909146598,44.28033638460079,38.291577488131765,27.725518745722002,6647.557,3434.768,1059.853,180.24396,6624.8115,22.744986,0.0
1963 years,587401.6,10.715421,24.168655,17.442041,3.4356294,80.75961288231777,28.390017294500815,5.749044216401505,10.588235294117647,20.6,40.16470588235294,33.752941176470586,34.01176470588236,51.2,65.02352941176471,92.63529411764706,17.023529411764706,0.0,21.81012319657207,22.03877743118657,28.129133937082006,34.794321229770716,40.61052435235791,48.357343416043925,63.60496008734679,49.51330034295002,37.51457071491239,18.626945291777563,6366.344,3162.6729,939.73895,144.50319,6353.017,13.327685,0.0
1964 years,587401.6,11.390301,23.963253,17.676785,4.757613,62.19569617576952,18.88699762186281,3.557430959870758,4.447058823529412,15.0,34.88235294117647,45.56470588235294,48.741176470588236,51.68235294117647,50.705882352941174,100.70588235294117,14.270588235294118,0.0,12.46885159104262,18.25084753124671,32.83688842852697,40.647090998627746,45.14699737725301,47.704793322408165,69.0133795568139,47.70454187240557,39.4356473110626,12.790962010612693,6469.703,3087.1133,903.3693,138.23726,6459.7627,9.939146,0.0
1965 years,587401.6,11.599093,24.349377,17.974234,3.4798443,48.722799407791314,8.374975941430039,0.11890475833315652,2.5764705882352943,13.670588235294117,36.28235294117647,39.09411764705882,48.72941176470588,50.32941176470588,55.83529411764706,114.6,3.8823529411764706,0.0,12.510087250397582,17.588074714881717,27.11381899828306,38.31932217223213,44.70943520130348,52.590019547427396,70.79622970521851,48.2941144875044,43.45120398354479,9.627693939206965,6560.5957,3121.8264,903.701,132.7378,6559.321,1.2740103,0.0
1966 years,587401.6,11.189669,23.578587,17.384129,4.0531287,60.68753496223681,21.323327835660496,5.494212476284033,5.2,19.776470588235295,31.611764705882354,44.294117647058826,45.16470588235294,56.082352941176474,72.92941176470588,75.71764705882353,14.223529411764705,0.0,12.677121932908682,21.616027425747447,32.0770066581051,37.562729069996735,43.18424262996386,58.0879977002101,65.85059166455633,48.335478191746645,32.52987881604472,13.078925910720374,6345.2065,2956.3218,846.2026,124.17058,6329.175,16.03202,0.0
1967 years,587401.6,11.257544,24.018967,17.63825,3.7497005,30.882046443100513,5.7584296494659535,0.621243951118992,1.8588235294117648,12.0,33.23529411764706,43.1764705882353,47.50588235294118,58.8,80.84705882352941,85.70588235294117,1.8705882352941177,0.0,9.089339455169263,18.289586632474393,31.666379026324012,38.401978355356604,44.62607566399849,60.73545234138734,69.06370367424883,50.90988038731017,36.01249611994891,6.205108343781957,6437.962,2856.3083,782.13477,101.488434,6436.959,1.001553,0.0
1968 years,587401.6,10.484548,23.928,17.206276,3.053039,86.17726829395798,31.931600118650834,6.967936636656648,2.6823529411764704,28.4,47.2,36.64705882352941,33.529411764705884,45.11764705882353,68.12941176470588,80.92941176470588,23.36470588235294,0.0,17.895405144745045,25.75601233944331,32.98556319390559,38.76436022309862,40.39884523820964,46.78137477313719,60.21941230245796,48.52503927866175,35.61862705045216,19.055360455888742,6297.497,3077.574,917.5923,143.5844,6278.983,18.513409,0.0
1969 years,587401.6,10.777443,23.713524,17.245487,3.4175053,76.46952274422782,27.846822448910082,8.079315249497341,1.0823529411764705,15.647058823529411,54.1764705882353,41.31764705882353,45.6,46.21176470588235,60.21176470588235,78.2235294117647,22.529411764705884,0.0,12.936823299576398,23.95003183541135,33.12721679404659,42.513951435438514,44.53848720294479,51.110586476939,59.302955278763584,46.07302069789219,35.15304682466081,16.293880154326764,6294.603,2992.0527,884.4962,139.61493,6264.622,29.979082,0.0
1970 years,587401.6,11.129997,23.981747,17.555872,3.524446,73.8545356743323,21.65778448649218,2.3631748943963182,9.458823529411765,15.223529411764705,36.05882352941177,43.48235294117647,45.811764705882354,43.8,53.89411764705882,103.49411764705883,13.776470588235295,0.0,17.308811421415022,21.063848819440782,28.71811684819575,38.013540831914746,42.837424386551476,48.41363126642864,66.56166095223637,46.2729183415263,38.54130651157429,17.268740620716677,6407.895,3155.3872,939.74146,148.50964,6399.9175,7.976892,0.0
1971 years,587401.6,11.535774,24.172688,17.854233,4.6048884,41.882804338497614,7.867048723313804,0.6253687658194843,3.9529411764705884,11.6,34.98823529411764,41.4,49.50588235294118,55.37647058823529,50.23529411764706,112.91764705882353,5.023529411764706,0.0,10.287763587976068,19.930219768884914,31.539447485968996,35.18496288278541,43.159840398839506,52.897017941043345,73.2342017199438,48.77640091204331,42.10500738034265,7.885137922172026,6516.7925,3056.0193,875.8897,126.96539,6514.7427,2.0508368,0.0
1972 years,587401.6,11.71159,24.43774,18.07466,4.01283,68.64059352667866,19.299382041735427,2.327926852876913,2.764705882352941,9.152941176470588,35.89411764705882,36.705882352941174,55.44705882352941,55.96470588235294,60.64705882352941,98.76470588235294,10.658823529411764,0.0,8.670934028989642,16.395400368664387,30.472869758617385,38.293037820508005,48.598384007525866,57.55613277343242,64.89129366009779,48.289749304454155,37.31195133246982,15.520246945240558,6615.3257,3129.1484,903.61957,134.88649,6610.864,4.463272,0.0
1973 years,587401.6,11.735085,24.283358,18.009216,4.412726,51.85118216650345,8.330370806495008,0.12794582843088684,3.011764705882353,17.67058823529412,24.847058823529412,46.6,49.72941176470588,50.88235294117647,50.72941176470588,117.09411764705882,4.435294117647059,0.0,12.082025911515524,19.85168579380074,27.953844359363284,36.20149113261866,41.04392651657834,55.232518218071434,70.07273436676174,48.447165399907384,43.35165466900874,10.762953632374185,6573.365,3168.0793,926.4758,140.41536,6572.331,1.0352656,0.0
1974 years,587401.6,11.400964,24.43212,17.916542,4.1263833,32.43925445129136,4.441190492968257,0.013944544774082199,0.023529411764705882,7.976470588235294,28.458823529411763,44.28235294117647,55.8,67.10588235294118,69.89411764705882,90.94117647058823,0.5176470588235295,0.0,7.293942255489831,14.70677404994898,28.078519033952233,37.87936220828711,53.958730062564285,61.655460797557424,69.56691631503654,48.45995972588526,37.191897803437946,6.208437747840398,6539.5366,2869.298,781.1591,102.77796,6539.4546,0.08343838,0.0
1975 years,587401.6,11.693834,23.964483,17.829163,5.1627975,40.20331373649777,7.468285730893281,0.25110196015884556,2.588235294117647,14.31764705882353,28.96470588235294,45.141176470588235,55.529411764705884,40.96470588235294,74.0,100.98823529411764,2.5058823529411764,0.0,10.272731997356864,18.614773439428298,30.00009598466501,37.01670734862744,41.36122153809634,59.67267408954267,71.73979347445517,50.334665423358906,37.499971082439046,8.487365622030214,6507.6426,3016.186,857.5696,121.94254,6507.1006,0.54221755,0.0
1976 years,587401.6,9.698383,23.228281,16.46333,3.7362456,41.05469024154665,10.98640956218316,0.6382314103004838,6.8,16.611764705882354,37.90588235294118,47.89411764705882,56.15294117647059,63.43529411764706,52.31764705882353,82.12941176470588,2.7529411764705882,0.0,17.697158195048242,20.803115583779554,33.6455428960157,43.599273086854474,49.76216333773666,55.21776023832415,62.04921984980552,44.88559187993782,28.96545861094894,9.374716321549014,6025.5796,2588.263,706.1862,96.013756,6025.0664,0.5126182,0.0
1977 years,587401.6,11.203441,24.160774,17.682108,3.62635,99.16668896249833,37.67822584699653,9.496702728716999,11.364705882352942,26.49411764705882,25.694117647058825,35.6,41.09411764705882,57.94117647058823,40.78823529411765,97.18823529411765,28.83529411764706,0.0,21.63796038688401,21.123489519623913,27.73206573069246,33.76783876479367,39.15264493743912,48.996067588907884,65.8420536124926,45.151190740077155,39.6013405902341,21.99534812885507,6453.9683,3322.6992,1012.78955,167.71654,6430.0796,23.890251,0.0
1978 years,587401.6,10.642391,24.020275,17.331331,3.4732559,85.653662506143,28.621757677343563,4.805138226711215,10.08235294117647,29.576470588235296,32.0,26.16470588235294,48.27058823529412,56.21176470588235,38.65882352941176,106.63529411764706,17.4,0.0,21.518328254864134,23.810292395104923,30.77209333639039,37.11367773998605,38.98546903183793,41.670352995658085,65.57298370250773,49.457469309616855,36.955479560906205,19.143853673127722,6325.9365,3150.534,942.47015,150.37912,6312.1133,13.822904,0.0
1979 years,587401.6,10.824949,23.232588,17.028769,4.588454,38.63653107985386,9.344074934581633,0.8029644298441881,7.411764705882353,23.976470588235294,27.576470588235296,43.8,44.694117647058825,58.45882352941177,68.08235294117647,86.71764705882353,4.2823529411764705,0.0,16.19934749474294,21.590954858169443,33.062033615113066,37.10188724031946,41.49213199560768,54.94515077514066,69.52747101926853,50.741801485126054,31.924254054193785,8.414967462318405,6215.5015,2828.9883,793.87286,110.83781,6213.116,2.384831,0.0
1980 years,587401.6,11.087358,24.000118,17.543741,3.6029875,113.87045379987413,49.53476644732506,15.25187073531542,4.223529411764706,15.941176470588236,35.741176470588236,46.03529411764706,63.258823529411764,48.09411764705882,33.294117647058826,86.68235294117648,31.870588235294118,0.8588235294117647,12.861682911862042,21.780022156707105,33.12331554169311,42.91636449695375,47.54063384391255,45.19551398579377,63.57395698979823,41.9113990989534,32.744841544484586,24.35226942984143,6421.0083,3181.4773,972.3416,168.65901,6380.6123,40.032238,0.36292863
1981 years,587401.6,10.737457,23.968933,17.353193,3.4737356,86.62495937350907,34.5513697368339,8.669497103972615,8.105882352941176,14.552941176470588,35.10588235294118,48.48235294117647,43.37647058823529,58.48235294117647,57.2,64.3529411764706,35.34117647058824,0.0,15.015167988976039,21.45379823347799,35.74687376973906,36.202972262297656,46.180600975708835,48.19643315022945,62.93887031959493,47.04421122516058,33.271182966618575,18.94988910819689,6333.9155,3058.218,908.832,147.4806,6301.8574,32.058132,0.0
1982 years,587401.6,12.084323,24.48349,18.283905,4.2500443,55.205003936723614,11.660741070720018,0.6035903407740982,6.952941176470588,5.6117647058823525,31.847058823529412,38.752941176470586,53.61176470588235,52.05882352941177,54.98823529411764,114.12941176470588,7.047058823529412,0.0,11.153744346387386,15.895293587168299,26.360921637588373,36.07916286841592,45.4967880321528,52.46331563129839,73.98338642110681,48.01793619978875,43.87913301720051,11.670318258892754,6673.628,3230.0073,941.93207,141.60585,6671.1787,2.4484715,0.0
1983 years,587401.6,10.2868,23.128305,16.707554,5.0370665,72.60257499519678,29.101096011890924,7.79560922247593,6.0,14.75294117647059,45.76470588235294,43.31764705882353,56.68235294117647,52.15294117647059,53.05882352941177,73.91764705882353,19.352941176470587,0.0,13.76983290156845,23.47020049255967,37.05204401512151,46.903997912390714,43.957032106238664,50.85325717400486,59.10340341652481,44.014037954536995,30.22294650489019,15.65324752216413,6098.256,2802.8132,810.31854,125.2979,6076.184,22.072317,0.0
1984 years,587401.6,10.866957,24.573408,17.720186,3.6400564,52.29505184002457,12.342764078580322,1.4260004893115656,4.0588235294117645,11.588235294117647,33.90588235294118,39.588235294117645,54.576470588235296,52.694117647058825,68.69411764705882,96.05882352941177,4.8352941176470585,0.0,12.175245766606436,17.514836246813516,30.553546569183315,37.678084223854455,44.48693408041386,60.8024279022942,66.30442443085037,47.20588277930956,38.01349544611848,11.265122554555765,6485.586,2960.4133,829.60596,114.03525,6483.224,2.3627803,0.0
1985 years,587401.6,11.693154,24.190134,17.94164,3.1242366,66.67812468564858,23.649388567632272,5.888688286126153,6.988235294117647,30.31764705882353,26.32941176470588,20.905882352941177,38.752941176470586,53.10588235294118,83.50588235294117,92.70588235294117,12.388235294117647,0.0,20.315171779593054,18.36431382118476,23.81682354410128,28.699612617931287,41.08396009641891,54.77374771169823,72.2327344660552,54.00467819794214,37.80879747662438,13.90016028845068,6548.7,3251.4775,951.31,140.65489,6536.6807,12.017885,0.0
1986 years,587401.6,12.034348,24.886885,18.460615,3.3983266,98.55987472228655,36.0172073637476,8.242275174144249,3.4705882352941178,9.647058823529411,38.51764705882353,33.36470588235294,51.23529411764706,60.09411764705882,35.67058823529412,102.10588235294118,30.894117647058824,0.0,9.900020128634912,18.09901869459066,28.273642152288577,40.74389430930319,41.046829044766326,46.255827039816864,72.44795751523557,45.94604230873034,40.822939830613805,21.46382897601977,6738.125,3405.311,1034.5775,172.09885,6710.801,27.322493,0.0
1987 years,587401.6,11.165641,24.577143,17.871397,3.0489113,81.82148757974879,29.117990797097658,6.98561707899408,1.0,12.776470588235295,35.21176470588235,49.54117647058823,54.470588235294116,51.529411764705884,41.32941176470588,91.61176470588235,27.529411764705884,0.0,9.447437396484698,19.671717473022472,33.21147156488857,43.55602732175316,44.7607014459325,47.33882550193936,62.99509676945474,48.13998394760469,38.41948322048527,17.459255358434532,6523.057,3135.5625,931.33887,149.95952,6500.9185,22.140764,0.0
1988 years,587401.6,10.613458,23.83783,17.225641,3.7087238,61.779810640331796,18.00882210474562,2.891607272133912,2.5647058823529414,20.83529411764706,35.8235294117647,38.61176470588235,58.01176470588236,60.37647058823529,48.976470588235294,90.62352941176471,10.176470588235293,0.0,15.666717874301206,20.697258827085662,31.96720821308482,40.402638871790586,46.513997012945254,50.26500899221089,66.78427466960797,46.09972686705336,34.11730958709194,13.48585908482828,6304.5854,2917.4014,839.1614,127.604904,6297.286,7.299279,0.0
1989 years,587401.6,11.134288,23.659706,17.397,4.1112447,52.711136935817116,14.434489246688944,1.2630722431850085,6.176470588235294,17.905882352941177,28.6,45.44705882352941,52.023529411764706,54.07058823529412,58.141176470588235,87.51764705882353,15.117647058823529,0.0,13.745451672482563,20.0281608075337,33.68500067471639,39.26981329175965,42.64997759808158,50.80766785507028,66.16153419477816,50.01500200126579,36.60026320601311,12.037128698298783,6349.9067,2995.8845,866.37415,130.68707,6341.0786,8.8275175,0.0
1990 years,587401.6,11.751129,25.951406,18.851263,3.650992,118.76584757572071,50.76907581218833,14.045452587129592,1.0,3.2,19.91764705882353,45.61176470588235,70.89411764705882,59.04705882352941,46.305882352941175,82.7764705882353,36.247058823529414,0.0,4.559986047757169,15.23920297034403,25.230401684162672,37.977791357881124,51.33526980807787,58.403709084009314,68.28780570400741,42.7519095458205,35.14091105659434,26.073012741345572,6880.714,3342.397,991.9526,162.9222,6853.6704,27.040464,0.0
1991 years,587401.6,12.077114,24.312948,18.195032,4.397942,57.05776695700561,14.85311479466898,1.3288557540567658,1.0588235294117647,8.847058823529412,36.082352941176474,48.09411764705882,43.71764705882353,46.96470588235294,65.3529411764706,99.4235294117647,15.458823529411765,0.0,9.89960308710168,17.218959910523918,26.552593964119676,40.801501636057615,45.097526291633486,50.06461716521358,69.71134589824518,55.13881248240227,38.041612412012235,12.473427152690292,6641.1875,3204.0605,941.549,143.95448,6635.361,5.826549,0.0
1992 years,587401.6,10.842312,23.350859,17.096584,4.0121813,34.015880368399934,7.159117285910151,1.1831816383477187,2.0823529411764707,6.705882352941177,39.63529411764706,61.37647058823529,45.01176470588236,61.23529411764706,62.2,82.2,5.552941176470588,0.0,7.939315525022668,20.061479512311763,33.96432255822323,46.009439790636186,53.31930793443506,53.532804678082606,64.19875153071884,45.302315965716055,35.34377617495792,6.328486329895734,6257.3506,2715.4248,749.3721,103.7885,6254.876,2.4746838,0.0
1993 years,587401.6,10.951489,23.713108,17.332304,3.408695,84.38775592437091,29.65717164651221,5.954403835861651,2.1176470588235294,11.258823529411766,38.84705882352941,69.16470588235295,46.2,47.082352941176474,40.36470588235294,85.56470588235294,24.4,0.0,8.972778978834512,21.22798821503163,35.99227807837884,49.65441963328065,48.11005960809716,45.456982996691046,58.56612339741668,42.81959914417058,35.38209019945339,18.817679748645492,6326.2896,3011.4128,900.79193,148.4411,6304.4727,21.817844,0.0
1994 years,587401.6,11.694507,23.903376,17.798939,3.9267833,24.11997903203177,2.605100332040028,0.009048852149386687,3.0941176470588236,12.152941176470588,30.8,43.51764705882353,40.258823529411764,71.67058823529412,60.27058823529412,102.45882352941176,0.7764705882352941,0.0,9.727305389776696,16.784893165605236,27.02956656552814,38.95246791334962,50.89793616985053,53.01439354848872,72.92591267910845,52.673617266262866,38.871056754131935,4.12285054789779,6496.6123,2930.3918,811.5992,109.053986,6496.471,0.14397533,0.0
1995 years,587401.6,11.411581,24.210958,17.81127,3.8010678,97.82476581889395,39.08892091603714,10.898168417198997,5.294117647058823,19.176470588235293,33.8235294117647,38.0,48.11764705882353,56.23529411764706,51.588235294117645,78.29411764705883,34.470588235294116,0.0,14.307359158677283,20.180927139395266,29.417559283637335,38.00956608343917,46.72118701061595,51.370758476544744,61.5644007050722,46.34894210906744,36.3530467497976,20.726253283753035,6501.115,3229.2769,973.31995,160.46622,6466.425,34.688976,0.0
1996 years,587401.6,10.740841,23.416264,17.078547,4.095654,44.06906876135936,8.6667744226454,0.44336660192249894,11.435294117647059,13.6,31.870588235294118,47.129411764705885,56.141176470588235,45.705882352941174,57.11764705882353,95.65882352941176,7.341176470588235,0.0,18.188018882299524,22.03134380480578,28.722070107403027,35.87964314703652,44.92239653236553,56.265864189966486,67.97361376818331,46.250716810528,36.07928236923529,9.687050388176534,6250.7485,2897.5327,826.0374,119.966,6247.9873,2.7605433,0.0
1997 years,587401.6,11.23746,23.352106,17.294783,3.9483922,46.32034160598354,12.145489844755192,0.8592970575174823,3.1294117647058823,16.88235294117647,27.305882352941175,49.529411764705884,58.976470588235294,54.62352941176471,64.63529411764706,80.63529411764706,9.282352941176471,0.0,9.722036381499208,19.505688441393453,35.99163324562119,38.16811552336348,48.08601962243697,57.973336468274304,66.77729270398373,45.814442355009945,32.47458664301646,10.486848615401245,6312.5957,2840.6948,798.8752,115.370026,6306.711,5.8840847,0.0
1998 years,587401.6,12.567513,24.983238,18.77538,3.7761765,109.10794819188054,40.370377673516984,8.055669296607277,0.0,7.741176470588235,36.1764705882353,37.27058823529412,57.258823529411764,57.976470588235294,33.141176470588235,101.32941176470588,34.10588235294118,0.0,4.89830572389811,17.110075342049708,30.395677935674804,39.88483350846677,45.79580062789153,48.67091322612295,65.33398327810147,50.1166214650238,37.82463079349023,24.96915809928062,6853.0127,3489.2974,1068.6056,181.80692,6825.1367,27.874954,0.0
1999 years,587401.6,11.496282,24.81672,18.156507,3.464279,66.43465333282668,25.091551938791298,6.275753629506661,2.823529411764706,6.270588235294118,25.094117647058823,50.94117647058823,61.21176470588235,44.64705882352941,75.15294117647059,76.09411764705882,22.764705882352942,0.0,9.22734365578395,16.855715266854606,27.833176247503957,38.96224854690264,46.15152660186657,54.63722783667014,68.36732302161252,53.788453347712355,35.038724641733175,14.138260833360063,6627.124,3122.0073,905.2841,139.19695,6602.2285,24.895126,0.0
2000 years,587401.6,11.041008,24.774197,17.9076,2.7962446,115.58420181919698,52.33603494620241,18.24623984974929,7.9411764705882355,17.96470588235294,29.811764705882354,37.38823529411765,44.56470588235294,59.45882352941177,51.247058823529414,84.88235294117646,32.741176470588236,0.0,15.56730964150666,21.384999688779853,28.92681641811726,36.37057325416108,44.42641734362379,46.37345020927727,67.15566592585454,46.58961358192679,35.71646728759939,23.48868664915337,6554.183,3287.0227,990.9489,162.89162,6517.3853,36.79706,0.0
2001 years,587401.6,11.148567,23.983704,17.566137,4.2253313,32.50175174381053,4.670450436383285,0.18412515468027726,3.9058823529411764,12.16470588235294,27.71764705882353,42.64705882352941,67.2,49.44705882352941,59.50588235294118,98.7764705882353,3.635294117647059,0.0,11.215778865234498,17.41986277825675,30.6970921084873,39.71544823998856,47.33276603046997,55.64725043991335,68.17661537713116,50.72862568972002,38.375548820147564,5.691011650650841,6411.639,2887.8384,807.0547,113.07662,6410.3574,1.2812767,0.0
2002 years,587401.6,11.578243,24.021412,17.799828,3.7185621,62.108261322556146,14.628468650969237,1.1541626675163659,3.2823529411764705,17.49411764705882,37.94117647058823,52.576470588235296,36.55294117647059,35.63529411764706,52.2,124.58823529411765,4.729411764705882,0.0,13.645518984821274,24.024918686326725,32.392759633425534,32.27586224181766,36.50574681432901,52.407262988534455,69.71877283350155,47.84811267777144,42.14242798172052,14.038617157751757,6496.9365,3218.6575,964.6684,150.26056,6495.65,1.287477,0.0
2003 years,587401.6,11.186022,23.414194,17.30011,4.52917,25.336162106890075,2.032959220920378,0.00015279404889281093,3.9176470588235293,19.976470588235294,37.4,40.04705882352941,42.28235294117647,54.023529411764706,69.03529411764706,96.14117647058823,2.176470588235294,0.0,15.002082777083075,20.230087400860107,30.251945447686698,40.20440581705804,42.12346156963315,50.26831994440644,70.52603666208981,54.09738111946561,38.267055027812596,4.029224233904485,6314.539,2896.8499,817.2418,113.711365,6314.0347,0.504547,0.0
2004 years,587401.6,11.813201,24.019468,17.916334,3.8501976,44.79071589688779,11.141832829803633,0.9750289260775665,2.588235294117647,15.847058823529412,34.88235294117647,43.94117647058823,41.68235294117647,42.90588235294118,78.02352941176471,93.44705882352942,12.68235294117647,0.0,12.052445393789005,19.098720287180658,32.01105223404415,35.40770678539722,39.40329057488927,52.431881009634225,71.09451158951715,56.25411602317566,38.60339380811705,9.642882294255617,6557.3794,3134.9966,909.3339,132.78174,6550.5024,6.875852,0.0
2005 years,587401.6,11.224669,24.002968,17.61382,4.2615128,49.28671272120408,11.211099509810134,0.7278921207638649,0.7058823529411765,13.729411764705882,44.62352941176471,44.50588235294118,47.65882352941176,54.78823529411765,45.16470588235294,99.85882352941177,13.964705882352941,0.0,10.731362553698634,20.798708873335645,33.06425872218963,42.68311139683135,42.90353268354354,48.09700197563318,65.23146537765425,49.56133827335126,41.6837591201118,10.245461023650684,6429.042,3038.898,889.68854,137.94786,6419.3506,9.693221,0.0
2006 years,587401.6,11.152685,25.206385,18.179539,3.4479287,111.95168381457873,45.729775856721986,12.566664738706807,0.8117647058823529,9.435294117647059,32.21176470588235,51.16470588235294,57.61176470588235,50.576470588235296,49.411764705882355,76.34117647058824,37.43529411764706,0.0,8.954919381991894,18.761004072520592,30.07681432382467,41.01686487694755,47.44460109174153,52.269103465852886,63.199963519639766,42.75173554719778,35.887462952219096,24.637530768064217,6635.531,3249.9941,978.77594,163.78581,6603.864,31.665989,0.0
2007 years,587401.6,11.438201,25.235075,18.336637,2.43802,114.47006532832513,52.25205822534392,20.123497378274788,0.011764705882352941,14.858823529411765,38.247058823529414,36.98823529411764,53.858823529411765,46.49411764705882,50.83529411764706,90.6,32.76470588235294,0.3411764705882353,10.63756414271845,18.495472335315586,30.96018646273805,41.9942933019227,42.20706607314825,45.714933596828054,61.692894453436125,50.482384708871635,40.31023107232284,22.50497385269836,6692.871,3376.9985,1029.2946,173.01474,6639.4272,53.397747,0.046089396
2008 years,587401.6,10.896722,24.045315,17.47102,3.9686203,61.455095371403985,16.804613950984486,2.0968921955350797,3.9647058823529413,13.223529411764705,42.811764705882354,44.56470588235294,46.56470588235294,49.294117647058826,56.023529411764706,95.68235294117648,13.870588235294118,0.0,14.719553961521912,23.813163069999632,29.222549462718565,35.58800681250206,43.831230725619896,53.901170754221965,67.20289820148807,47.93881489846738,36.17691374879568,13.605698364664857,6394.392,3028.9192,884.3595,135.21313,6386.49,7.901679,0.0
2009 years,587401.6,11.424394,23.515528,17.469961,5.2890897,49.463945135510286,15.219436889360983,2.6223810365123903,4.0,14.505882352941176,36.88235294117647,44.63529411764706,54.32941176470588,47.38823529411765,56.01176470588236,93.94117647058823,13.305882352941177,0.0,12.638651391812276,19.506976162227947,31.59267245950493,40.05814998610601,42.54286451070251,54.47457436841007,70.71693309329655,48.50153804815291,34.358125698030726,10.609514281756107,6376.535,2977.956,860.2374,128.9965,6365.273,11.26168,0.0
2010 years,587401.6,10.519922,24.197924,17.358925,3.441918,136.78233554954423,59.046779864269176,14.96183742325165,15.035294117647059,26.705882352941178,35.67058823529412,35.023529411764706,47.11764705882353,43.67058823529412,33.01176470588236,69.87058823529412,58.89411764705882,0.0,24.937712143827103,24.932324283876113,32.48114586051945,38.490606517194884,37.57008535137997,36.824578547484315,54.07111678442679,48.37830647932718,37.12441453066825,30.189709501295965,6336.0073,3408.949,1084.877,197.1625,6272.5273,63.479786,0.0
2011 years,587401.6,10.963538,24.9647,17.964115,3.7048771,123.98383800868983,54.668099785023614,15.021103468454339,4.4,16.694117647058825,30.870588235294118,41.62352941176471,55.04705882352941,56.51764705882353,44.305882352941175,71.51764705882353,44.023529411764706,0.0,13.302310471084652,20.72689770829999,31.57918234459095,39.78416422406321,41.67356200834061,49.61357910551056,61.910221030575975,45.508648186030484,33.66096228222917,27.24047263927436,6556.904,3287.9333,1001.9214,171.33781,6519.906,36.998116,0.0
2012 years,587401.6,11.955974,25.229952,18.592962,3.697181,66.08364502043156,23.30382560431691,5.757622866160607,0.8117647058823529,8.188235294117646,17.811764705882354,52.37647058823529,47.43529411764706,57.411764705882355,78.27058823529411,87.25882352941177,16.435294117647057,0.0,6.99383177286836,15.457794968056898,25.67706506809806,33.85869527257916,49.24716343189776,60.66869775226849,68.50594486802967,53.32377946507884,38.10561039594106,14.16141700518173,6805.0234,3216.3235,923.943,136.66884,6788.891,16.134338,0.0
